 ispLEVER Classic 2.1.00.02.49.20 Fitter Report File 
Project Name,birdsx_fm_v1
Project Path,C:\Users\TESTBENCH\Desktop\BIRDS-X_CPLD\BIRDSX_FM_v1
Project Fitted on,Fri Jan 26 17:31:22 2024

Pin,Pin_Type,Bank,GLB_Pad,Assigned,I/O_Type,Signal_Type,Signal_Name,PG
1,GND,-,,,,,,
2,TDI,-,,,,,,
3,VCCIO0,-,,,,,,
4,I_O,0,C12,*,LVCMOS18,Output,output_0_,
5,I_O,0,C10,*,LVCMOS18,Output,output_1_,
6,I_O,0,C8,*,LVCMOS18,Input,input_2_,
7,I_O,0,C6,*,LVCMOS18,Output,output_3_,
8,I_O,0,C4,*,LVCMOS18,Output,output_9_,
9,I_O,0,C2,*,LVCMOS18,Input,input_10_,
10,GNDIO0,-,,,,,,
11,I_O,0,D14,*,LVCMOS18,Output,output_11_,
12,I_O,0,D12,*,LVCMOS18,Output,output_12_,
13,I_O,0,D10,,,,,
14,I_O,0,D8,,LVCMOS18,Tri-Out,output_31_,
15,I_O,0,D6,,LVCMOS18,Tri-Out,output_35_,
16,I_O,0,D4,,LVCMOS18,Tri-Out,output_40_,
17,IN0,0,,,,,,
18,NC,-,,,,,,
19,VCCIO0,-,,,,,,
20,IN1,0,,,,,,
21,I_O,0,E2,*,LVCMOS18,Output,output_13_,
22,I_O,0,E4,*,LVCMOS18,Input,input_13_,
23,I_O,0,E6,*,LVCMOS18,Output,output_14_,
24,I_O,0,E8,*,LVCMOS18,Output,output_15_,
25,I_O,0,E10,,LVCMOS18,Tri-Out,output_32_,
26,I_O,0,E12,,,,,
27,GNDIO0,-,,,,,,
28,I_O,0,F2,,LVCMOS18,Tri-Out,output_39_,
29,I_O,0,F4,,,,,
30,I_O,0,F6,*,LVCMOS18,Output,output_16_,
31,I_O,0,F8,*,LVCMOS18,Input,input_14_,
32,I_O,0,F10,*,LVCMOS18,Output,output_17_,
33,I_O,0,F12,*,LVCMOS18,Output,output_18_,
34,VCCIO0,-,,,,,,
35,TCK,-,,,,,,
36,VCC,-,,,,,,
37,GND,-,,,,,,
38,IN2,0,,,,,,
39,I_O,0,G12,,LVCMOS18,Tri-Out,output_48_,
40,I_O,0,G10,,,,,
41,I_O,0,G8,,,,,
42,I_O,0,G6,,LVCMOS18,Tri-Out,output_37_,
43,I_O,0,G4,*,LVCMOS18,Output,output_19_,
44,I_O,0,G2,*,LVCMOS18,Input,input_15_,
45,IN3,0,,*,LVCMOS18,Input,sel_0_,
46,GNDIO0,-,,,,,,
47,VCCIO0,-,,,,,,
48,I_O,0,H12,*,LVCMOS18,Output,output_20_,
49,I_O,0,H10,*,LVCMOS18,Output,output_21_,
50,I_O,0,H8,,,,,
51,I_O,0,H6,,,,,
52,I_O,0,H4,,LVCMOS18,Tri-Out,output_33_,
53,I_O,0,H2,,LVCMOS18,Tri-Out,output_49_,
54,INCLK1,0,,*,LVCMOS18,Input,sel_1_,
55,GNDIO1,-,,,,,,
56,INCLK2,1,,*,LVCMOS18,Input,sel_2_,
57,VCC,-,,,,,,
58,I_O,1,I2,*,LVCMOS18,Output,output_22_,
59,I_O,1,I4,*,LVCMOS18,Input,input_16_,
60,I_O,1,I6,*,LVCMOS18,Output,output_23_,
61,I_O,1,I8,*,LVCMOS18,Output,output_24_,
62,I_O,1,I10,,,,,
63,I_O,1,I12,,,,,
64,VCCIO1,-,,,,,,
65,GNDIO1,-,,,,,,
66,I_O,1,J2,,,,,
67,I_O,1,J4,,,,,
68,I_O,1,J6,*,LVCMOS18,Output,output_25_,
69,I_O,1,J8,*,LVCMOS18,Input,input_17_,
70,I_O,1,J10,*,LVCMOS18,Output,output_26_,
71,I_O,1,J12,*,LVCMOS18,Output,output_27_,
72,IN4,0,,,,,,
73,GND,-,,,,,,
74,TMS,-,,,,,,
75,VCCIO1,-,,,,,,
76,I_O,1,K12,,LVCMOS18,Tri-Out,output_41_,
77,I_O,1,K10,,,,,
78,I_O,1,K8,,,,,
79,I_O,1,K6,,LVCMOS18,Tri-Out,output_34_,
80,I_O,1,K4,*,LVCMOS18,Output,output_28_,
81,I_O,1,K2,*,LVCMOS18,Input,input_18_,
82,GNDIO1,-,,,,,,
83,I_O,1,L14,*,LVCMOS18,Output,output_29_,
84,I_O,1,L12,*,LVCMOS18,Output,output_30_,
85,I_O,1,L10,,,,,
86,I_O,1,L8,,,,,
87,I_O,1,L6,,,,,
88,I_O,1,L4,,LVCMOS18,Tri-Out,output_47_,
89,IN5,1,,*,LVCMOS18,Input,input_4_,
90,NC,-,,,,,,
91,VCCIO1,-,,,,,,
92,IN6,1,,*,LVCMOS18,Input,input_5_,
93,I_O,1,M2,,LVCMOS18,Tri-Out,output_46_,
94,I_O,1,M4,,LVCMOS18,Tri-Out,output_44_,
95,I_O,1,M6,,LVCMOS18,Tri-Out,output_7_,
96,I_O,1,M8,,,,,
97,I_O,1,M10,,,,,
98,I_O,1,M12,,,,,
99,GNDIO1,-,,,,,,
100,I_O,1,N2,,,,,
101,I_O,1,N4,,,,,
102,I_O,1,N6,*,LVCMOS18,Output,output_10_,
103,I_O,1,N8,*,LVCMOS18,Input,input_9_,
104,I_O,1,N10,*,LVCMOS18,Input,input_0_,
105,I_O,1,N12,*,LVCMOS18,Input,input_1_,
106,VCCIO1,-,,,,,,
107,TDO,-,,,,,,
108,VCC,-,,,,,,
109,GND,-,,,,,,
110,IN7,1,,*,LVCMOS18,Input,input_6_,
111,I_O,1,O12,*,LVCMOS18,Output,output_2_,
112,I_O,1,O10,*,LVCMOS18,Input,input_3_,
113,I_O,1,O8,,,,,
114,I_O,1,O6,,,,,
115,I_O,1,O4,,,,,
116,I_O,1,O2,,LVCMOS18,Tri-Out,output_42_,
117,IN8,1,,,,,,
118,GNDIO1,-,,,,,,
119,VCCIO1,-,,,,,,
120,I_O,1,P12,,,,,
121,I_O,1,P10,,,,,
122,I_O,1,P8,,,,,
123,I_O,1,P6,,,,,
124,I_O,1,P4,,,,,
125,I_O/OE,1,P2,,LVCMOS18,Tri-Out,output_38_,
126,INCLK3,1,,*,LVCMOS18,Input,input_8_,
127,GNDIO0,-,,,,,,
128,INCLK0,0,,,,,,
129,VCC,-,,,,,,
130,I_O/OE,0,A2,,LVCMOS18,Tri-Out,output_50_,
131,I_O,0,A4,,LVCMOS18,Tri-Out,output_43_,
132,I_O,0,A6,*,LVCMOS18,Input,input_11_,
133,I_O,0,A8,*,LVCMOS18,Input,input_12_,
134,I_O,0,A10,,LVCMOS18,Tri-Out,output_36_,
135,I_O,0,A12,,,,,
136,VCCIO0,-,,,,,,
137,GNDIO0,-,,,,,,
138,I_O,0,B2,*,LVCMOS18,Output,output_4_,
139,I_O,0,B4,*,LVCMOS18,Output,output_5_,
140,I_O,0,B6,*,LVCMOS18,Output,output_6_,
141,I_O,0,B8,,LVCMOS18,Tri-Out,output_45_,
142,I_O,0,B10,*,LVCMOS18,Output,output_8_,
143,I_O,0,B12,,,,,
144,IN9,0,,,,,,
