<?xml version="1.0" encoding="utf-8"?> 
<!-- 
  Synopsys, Inc.
  Version I-2014.03LC 
  Project file C:\users\testbench\desktop\birds-x_cpld\birdsx_fm_v1\syntmp\run_option.xml

--> 
<project_attribute_list name="Project Settings"> 
     <option name="project_name" display_name="Project Name">BIRDSX</option>
     <option name="impl_name" display_name="Implementation Name">birdsx_fm_v1</option>
     <option name="top_module" display_name="Top Module">BIRDSX</option>
     <option name="resource_sharing" display_name="Resource Sharing">1</option>
     <option name="disable_io_insertion" display_name="Disable I/O Insertion">0</option>
     <option name="symbolic_fsm_compiler" display_name="FSM Compiler">1</option>
</project_attribute_list>

